{
  "ADD": 3,
  "ADDRESS": 2,
  "AND": 3,
  "BALANCE": 100,
  "BASEFEE": 2,
  "BYTE": 3,
  "CALL": 376655.7951219512,
  "CALLDATACOPY": 22.930612244897958,
  "CALLDATALOAD": 3,
  "CALLDATASIZE": 2,
  "CALLER": 2,
  "CALLVALUE": 2,
  "CHAINID": 2,
  "CODECOPY": 95.9,
  "CODESIZE": 2,
  "DELEGATECALL": 593013.0833333334,
  "DIV": 5,
  "DUP1": 3,
  "DUP10": 3,
  "DUP11": 3,
  "DUP12": 3,
  "DUP13": 3,
  "DUP14": 3,
  "DUP15": 3,
  "DUP16": 3,
  "DUP2": 3,
  "DUP3": 3,
  "DUP4": 3,
  "DUP5": 3,
  "DUP6": 3,
  "DUP7": 3,
  "DUP8": 3,
  "DUP9": 3,
  "EQ": 3,
  "EXP": 31.889400921658986,
  "EXTCODESIZE": 859.2592592592592,
  "GAS": 2,
  "GT": 3,
  "ISZERO": 3,
  "JUMP": 8,
  "JUMPDEST": 1,
  "JUMPI": 10,
  "KECCAK256": 42.48091603053435,
  "LOG1": 1440.0869565217392,
  "LOG2": 1534.6,
  "LOG3": 1904.9454545454546,
  "LOG4": 2274.36,
  "LT": 3,
  "MLOAD": 3.016511672044031,
  "MOD": 5,
  "MSTORE": 4.910357192111433,
  "MSTORE8": 3,
  "MUL": 5,
  "MULMOD": 8,
  "NOT": 3,
  "NUMBER": 2,
  "OR": 3,
  "ORIGIN": 2,
  "POP": 2,
  "PUSH0": 2,
  "PUSH1": 3,
  "PUSH10": 3,
  "PUSH11": 3,
  "PUSH12": 3,
  "PUSH13": 3,
  "PUSH14": 3,
  "PUSH15": 3,
  "PUSH16": 3,
  "PUSH17": 3,
  "PUSH2": 3,
  "PUSH20": 3,
  "PUSH21": 3,
  "PUSH24": 3,
  "PUSH25": 3,
  "PUSH26": 3,
  "PUSH27": 3,
  "PUSH28": 3,
  "PUSH29": 3,
  "PUSH3": 3,
  "PUSH31": 3,
  "PUSH32": 3,
  "PUSH4": 3,
  "PUSH5": 3,
  "PUSH6": 3,
  "PUSH7": 3,
  "PUSH8": 3,
  "PUSH9": 3,
  "RETURN": 0,
  "RETURNDATACOPY": 6.392307692307693,
  "RETURNDATASIZE": 2,
  "REVERT": 0,
  "SAR": 3,
  "SDIV": 5,
  "SELFBALANCE": 5,
  "SGT": 3,
  "SHL": 3,
  "SHR": 3,
  "SIGNEXTEND": 5,
  "SLOAD": 1060.4591836734694,
  "SLT": 3,
  "SMOD": 5,
  "SSTORE": 4668.762278978389,
  "STATICCALL": 1204397.9414414414,
  "STOP": 0,
  "SUB": 3,
  "SWAP1": 3,
  "SWAP10": 3,
  "SWAP11": 3,
  "SWAP12": 3,
  "SWAP13": 3,
  "SWAP14": 3,
  "SWAP15": 3,
  "SWAP2": 3,
  "SWAP3": 3,
  "SWAP4": 3,
  "SWAP5": 3,
  "SWAP6": 3,
  "SWAP7": 3,
  "SWAP8": 3,
  "SWAP9": 3,
  "TIMESTAMP": 2,
  "XOR": 3
}