{
  "ADD": 3,
  "ADDRESS": 2,
  "AND": 3,
  "BALANCE": 100,
  "BYTE": 3,
  "CALL": 7089710.161214953,
  "CALLDATACOPY": 27.239852398523986,
  "CALLDATALOAD": 3,
  "CALLDATASIZE": 2,
  "CALLER": 2,
  "CALLVALUE": 2,
  "CHAINID": 2,
  "CODECOPY": 7.75,
  "CODESIZE": 2,
  "COINBASE": 2,
  "DELEGATECALL": 11481918.959752321,
  "DIV": 5,
  "DUP1": 3,
  "DUP10": 3,
  "DUP11": 3,
  "DUP12": 3,
  "DUP13": 3,
  "DUP14": 3,
  "DUP15": 3,
  "DUP16": 3,
  "DUP2": 3,
  "DUP3": 3,
  "DUP4": 3,
  "DUP5": 3,
  "DUP6": 3,
  "DUP7": 3,
  "DUP8": 3,
  "DUP9": 3,
  "EQ": 3,
  "EXP": 42.028112449799195,
  "EXTCODESIZE": 832.6283987915408,
  "GAS": 2,
  "GASPRICE": 2,
  "GT": 3,
  "ISZERO": 3,
  "JUMP": 8,
  "JUMPDEST": 1,
  "JUMPI": 10,
  "KECCAK256": 42.271777003484324,
  "LOG1": 1686.421052631579,
  "LOG2": 1603.3157894736842,
  "LOG3": 1906.857142857143,
  "LOG4": 2917.285714285714,
  "LT": 3,
  "MLOAD": 3.0252956298200515,
  "MOD": 5,
  "MSTORE": 5.157039635801696,
  "MSTORE8": 3,
  "MUL": 5,
  "MULMOD": 8,
  "NOT": 3,
  "OR": 3,
  "ORIGIN": 2,
  "POP": 2,
  "PUSH0": 2,
  "PUSH1": 3,
  "PUSH10": 3,
  "PUSH11": 3,
  "PUSH12": 3,
  "PUSH13": 3,
  "PUSH14": 3,
  "PUSH15": 3,
  "PUSH16": 3,
  "PUSH17": 3,
  "PUSH19": 3,
  "PUSH2": 3,
  "PUSH20": 3,
  "PUSH21": 3,
  "PUSH24": 3,
  "PUSH25": 3,
  "PUSH26": 3,
  "PUSH28": 3,
  "PUSH29": 3,
  "PUSH3": 3,
  "PUSH31": 3,
  "PUSH32": 3,
  "PUSH4": 3,
  "PUSH5": 3,
  "PUSH6": 3,
  "PUSH7": 3,
  "PUSH8": 3,
  "PUSH9": 3,
  "RETURN": 0,
  "RETURNDATACOPY": 13.533834586466165,
  "RETURNDATASIZE": 2,
  "REVERT": 0.026785714285714284,
  "SAR": 3,
  "SDIV": 5,
  "SELFBALANCE": 5,
  "SGT": 3,
  "SHL": 3,
  "SHR": 3,
  "SIGNEXTEND": 5,
  "SLOAD": 1099.7575757575758,
  "SLT": 3,
  "SMOD": 5,
  "SSTORE": 3200.690131124914,
  "STATICCALL": 7991919.560839161,
  "STOP": 0,
  "SUB": 3,
  "SWAP1": 3,
  "SWAP10": 3,
  "SWAP11": 3,
  "SWAP12": 3,
  "SWAP13": 3,
  "SWAP14": 3,
  "SWAP15": 3,
  "SWAP16": 3,
  "SWAP2": 3,
  "SWAP3": 3,
  "SWAP4": 3,
  "SWAP5": 3,
  "SWAP6": 3,
  "SWAP7": 3,
  "SWAP8": 3,
  "SWAP9": 3,
  "TIMESTAMP": 2,
  "XOR": 3
}